INSERT INTO countries (id, slug, title, code)
VALUES
(1, 'AF', 'Afghanistan', 93),
(2, 'AL', 'Albania', 355),
(3, 'DZ', 'Algeria', 213),
(4, 'AS', 'American Samoa', 1684),
(5, 'AD', 'Andorra', 376),
(6, 'AO', 'Angola', 244),
(7, 'AI', 'Anguilla', 1264),
(8, 'AQ', 'Antarctica', 0),
(9, 'AG', 'Antigua And Barbuda', 1268),
(10, 'AR', 'Argentina', 54),
(11, 'AM', 'Armenia', 374),
(12, 'AW', 'Aruba', 297),
(13, 'AU', 'Australia', 61),
(14, 'AT', 'Austria', 43),
(15, 'AZ', 'Azerbaijan', 994),
(16, 'BS', 'Bahamas The', 1242),
(17, 'BH', 'Bahrain', 973),
(18, 'BD', 'Bangladesh', 880),
(19, 'BB', 'Barbados', 1246),
(20, 'BY', 'Belarus', 375),
(21, 'BE', 'Belgium', 32),
(22, 'BZ', 'Belize', 501),
(23, 'BJ', 'Benin', 229),
(24, 'BM', 'Bermuda', 1441),
(25, 'BT', 'Bhutan', 975),
(26, 'BO', 'Bolivia', 591),
(27, 'BA', 'Bosnia and Herzegovina', 387),
(28, 'BW', 'Botswana', 267),
(29, 'BV', 'Bouvet Island', 0),
(30, 'BR', 'Brazil', 55),
(31, 'IO', 'British Indian Ocean Territory', 246),
(32, 'BN', 'Brunei', 673),
(33, 'BG', 'Bulgaria', 359),
(34, 'BF', 'Burkina Faso', 226),
(35, 'BI', 'Burundi', 257),
(36, 'KH', 'Cambodia', 855),
(37, 'CM', 'Cameroon', 237),
(38, 'CA', 'Canada', 1),
(39, 'CV', 'Cape Verde', 238),
(40, 'KY', 'Cayman Islands', 1345),
(41, 'CF', 'Central African Republic', 236),
(42, 'TD', 'Chad', 235),
(43, 'CL', 'Chile', 56),
(44, 'CN', 'China', 86),
(45, 'CX', 'Christmas Island', 61),
(46, 'CC', 'Cocos (Keeling) Islands', 672),
(47, 'CO', 'Colombia', 57),
(48, 'KM', 'Comoros', 269),
(49, 'CG', 'Republic Of The Congo', 242),
(50, 'CD', 'Democratic Republic Of The Congo', 242),
(51, 'CK', 'Cook Islands', 682),
(52, 'CR', 'Costa Rica', 506),
(53, 'CI', 'Cote D''Ivoire (Ivory Coast)', 225),
(54, 'HR', 'Croatia (Hrvatska)', 385),
(55, 'CU', 'Cuba', 53),
(56, 'CY', 'Cyprus', 357),
(57, 'CZ', 'Czech Republic', 420),
(58, 'DK', 'Denmark', 45),
(59, 'DJ', 'Djibouti', 253),
(60, 'DM', 'Dominica', 1767),
(61, 'DO', 'Dominican Republic', 1809),
(62, 'TP', 'East Timor', 670),
(63, 'EC', 'Ecuador', 593),
(64, 'EG', 'Egypt', 20),
(65, 'SV', 'El Salvador', 503),
(66, 'GQ', 'Equatorial Guinea', 240),
(67, 'ER', 'Eritrea', 291),
(68, 'EE', 'Estonia', 372),
(69, 'ET', 'Ethiopia', 251),
(70, 'XA', 'External Territories of Australia', 61),
(71, 'FK', 'Falkland Islands', 500),
(72, 'FO', 'Faroe Islands', 298),
(73, 'FJ', 'Fiji Islands', 679),
(74, 'FI', 'Finland', 358),
(75, 'FR', 'France', 33),
(76, 'GF', 'French Guiana', 594),
(77, 'PF', 'French Polynesia', 689),
(78, 'TF', 'French Southern Territories', 0),
(79, 'GA', 'Gabon', 241),
(80, 'GM', 'Gambia The', 220),
(81, 'GE', 'Georgia', 995),
(82, 'DE', 'Germany', 49),
(83, 'GH', 'Ghana', 233),
(84, 'GI', 'Gibraltar', 350),
(85, 'GR', 'Greece', 30),
(86, 'GL', 'Greenland', 299),
(87, 'GD', 'Grenada', 1473),
(88, 'GP', 'Guadeloupe', 590),
(89, 'GU', 'Guam', 1671),
(90, 'GT', 'Guatemala', 502),
(91, 'XU', 'Guernsey and Alderney', 44),
(92, 'GN', 'Guinea', 224),
(93, 'GW', 'Guinea-Bissau', 245),
(94, 'GY', 'Guyana', 592),
(95, 'HT', 'Haiti', 509),
(96, 'HM', 'Heard and McDonald Islands', 0),
(97, 'HN', 'Honduras', 504),
(98, 'HK', 'Hong Kong S.A.R.', 852),
(99, 'HU', 'Hungary', 36),
(100, 'IS', 'Iceland', 354),
(101, 'IN', 'India', 91),
(102, 'ID', 'Indonesia', 62),
(103, 'IR', 'Iran', 98),
(104, 'IQ', 'Iraq', 964),
(105, 'IE', 'Ireland', 353),
(106, 'IL', 'Israel', 972),
(107, 'IT', 'Italy', 39),
(108, 'JM', 'Jamaica', 1876),
(109, 'JP', 'Japan', 81),
(110, 'XJ', 'Jersey', 44),
(111, 'JO', 'Jordan', 962),
(112, 'KZ', 'Kazakhstan', 7),
(113, 'KE', 'Kenya', 254),
(114, 'KI', 'Kiribati', 686),
(115, 'KP', 'Korea North', 850),
(116, 'KR', 'Korea South', 82),
(117, 'KW', 'Kuwait', 965),
(118, 'KG', 'Kyrgyzstan', 996),
(119, 'LA', 'Laos', 856),
(120, 'LV', 'Latvia', 371),
(121, 'LB', 'Lebanon', 961),
(122, 'LS', 'Lesotho', 266),
(123, 'LR', 'Liberia', 231),
(124, 'LY', 'Libya', 218),
(125, 'LI', 'Liechtenstein', 423),
(126, 'LT', 'Lithuania', 370),
(127, 'LU', 'Luxembourg', 352),
(128, 'MO', 'Macau S.A.R.', 853),
(129, 'MK', 'Macedonia', 389),
(130, 'MG', 'Madagascar', 261),
(131, 'MW', 'Malawi', 265),
(132, 'MY', 'Malaysia', 60),
(133, 'MV', 'Maldives', 960),
(134, 'ML', 'Mali', 223),
(135, 'MT', 'Malta', 356),
(136, 'XM', 'Man (Isle of)', 44),
(137, 'MH', 'Marshall Islands', 692),
(138, 'MQ', 'Martinique', 596),
(139, 'MR', 'Mauritania', 222),
(140, 'MU', 'Mauritius', 230),
(141, 'YT', 'Mayotte', 269),
(142, 'MX', 'Mexico', 52),
(143, 'FM', 'Micronesia', 691),
(144, 'MD', 'Moldova', 373),
(145, 'MC', 'Monaco', 377),
(146, 'MN', 'Mongolia', 976),
(147, 'MS', 'Montserrat', 1664),
(148, 'MA', 'Morocco', 212),
(149, 'MZ', 'Mozambique', 258),
(150, 'MM', 'Myanmar', 95),
(151, 'NA', 'Namibia', 264),
(152, 'NR', 'Nauru', 674),
(153, 'NP', 'Nepal', 977),
(154, 'AN', 'Netherlands Antilles', 599),
(155, 'NL', 'Netherlands The', 31),
(156, 'NC', 'New Caledonia', 687),
(157, 'NZ', 'New Zealand', 64),
(158, 'NI', 'Nicaragua', 505),
(159, 'NE', 'Niger', 227),
(160, 'NG', 'Nigeria', 234),
(161, 'NU', 'Niue', 683),
(162, 'NF', 'Norfolk Island', 672),
(163, 'MP', 'Northern Mariana Islands', 1670),
(164, 'NO', 'Norway', 47),
(165, 'OM', 'Oman', 968),
(166, 'PK', 'Pakistan', 92),
(167, 'PW', 'Palau', 680),
(168, 'PS', 'Palestinian Territory Occupied', 970),
(169, 'PA', 'Panama', 507),
(170, 'PG', 'Papua new Guinea', 675),
(171, 'PY', 'Paraguay', 595),
(172, 'PE', 'Peru', 51),
(173, 'PH', 'Philippines', 63),
(174, 'PN', 'Pitcairn Island', 0),
(175, 'PL', 'Poland', 48),
(176, 'PT', 'Portugal', 351),
(177, 'PR', 'Puerto Rico', 1787),
(178, 'QA', 'Qatar', 974),
(179, 'RE', 'Reunion', 262),
(180, 'RO', 'Romania', 40),
(181, 'RU', 'Russia', 70),
(182, 'RW', 'Rwanda', 250),
(183, 'SH', 'Saint Helena', 290),
(184, 'KN', 'Saint Kitts And Nevis', 1869),
(185, 'LC', 'Saint Lucia', 1758),
(186, 'PM', 'Saint Pierre and Miquelon', 508),
(187, 'VC', 'Saint Vincent And The Grenadines', 1784),
(188, 'WS', 'Samoa', 684),
(189, 'SM', 'San Marino', 378),
(190, 'ST', 'Sao Tome and Principe', 239),
(191, 'SA', 'Saudi Arabia', 966),
(192, 'SN', 'Senegal', 221),
(193, 'RS', 'Serbia', 381),
(194, 'SC', 'Seychelles', 248),
(195, 'SL', 'Sierra Leone', 232),
(196, 'SG', 'Singapore', 65),
(197, 'SK', 'Slovakia', 421),
(198, 'SI', 'Slovenia', 386),
(199, 'XG', 'Smaller Territories of the UK', 44),
(200, 'SB', 'Solomon Islands', 677),
(201, 'SO', 'Somalia', 252),
(202, 'ZA', 'South Africa', 27),
(203, 'GS', 'South Georgia', 0),
(204, 'SS', 'South Sudan', 211),
(205, 'ES', 'Spain', 34),
(206, 'LK', 'Sri Lanka', 94),
(207, 'SD', 'Sudan', 249),
(208, 'SR', 'Suriname', 597),
(209, 'SJ', 'Svalbard And Jan Mayen Islands', 47),
(210, 'SZ', 'Swaziland', 268),
(211, 'SE', 'Sweden', 46),
(212, 'CH', 'Switzerland', 41),
(213, 'SY', 'Syria', 963),
(214, 'TW', 'Taiwan', 886),
(215, 'TJ', 'Tajikistan', 992),
(216, 'TZ', 'Tanzania', 255),
(217, 'TH', 'Thailand', 66),
(218, 'TG', 'Togo', 228),
(219, 'TK', 'Tokelau', 690),
(220, 'TO', 'Tonga', 676),
(221, 'TT', 'Trinidad And Tobago', 1868),
(222, 'TN', 'Tunisia', 216),
(223, 'TR', 'Turkey', 90),
(224, 'TM', 'Turkmenistan', 7370),
(225, 'TC', 'Turks And Caicos Islands', 1649),
(226, 'TV', 'Tuvalu', 688),
(227, 'UG', 'Uganda', 256),
(228, 'UA', 'Ukraine', 380),
(229, 'AE', 'United Arab Emirates', 971),
(230, 'GB', 'United Kingdom', 44),
(231, 'US', 'United States', 1),
(232, 'UM', 'United States Minor Outlying Islands', 1),
(233, 'UY', 'Uruguay', 598),
(234, 'UZ', 'Uzbekistan', 998),
(235, 'VU', 'Vanuatu', 678),
(236, 'VA', 'Vatican City State (Holy See)', 39),
(237, 'VE', 'Venezuela', 58),
(238, 'VN', 'Vietnam', 84),
(239, 'VG', 'Virgin Islands (British)', 1284),
(240, 'VI', 'Virgin Islands (US)', 1340),
(241, 'WF', 'Wallis And Futuna Islands', 681),
(242, 'EH', 'Western Sahara', 212),
(243, 'YE', 'Yemen', 967),
(244, 'YU', 'Yugoslavia', 38),
(245, 'ZM', 'Zambia', 260),
(246, 'ZW', 'Zimbabwe', 263);

INSERT INTO languages(id, title, slug)
VALUES
(1, 'English', 'english'),
(2, 'French', 'french'),
(3, 'Chinese', 'chinese'),
(4, 'Spanish', 'spanish'),
(5, 'Other', 'other');

INSERT INTO days(id, slug, title)
VALUES
(1, 'monday', 'Monday'),
(2, 'tuesday', 'Tuesday'),
(3, 'wednessday', 'Wednessday'),
(4, 'thursday', 'Thursday'),
(5, 'friday', 'Friday'),
(6, 'saturday', 'Saturday'),
(7, 'sunday', 'Sunday');

INSERT INTO time_types(id, title, slug)
VALUES
(1, 'Morning', 'morning'),
(2, 'Afternoon', 'afternoon'),
(3, 'Evening', 'evening'),
(4, 'Overnight', 'overnight'),
(5, 'Before School', 'before-school'),
(6, 'After School', 'after-school');

INSERT INTO roles(id, title, slug, seller, active)
VALUES
(1, 'Admin', 'admin', false, false),
(2, 'Client', 'client', false, true),
(3, 'Carer', 'carer', true, true),
(4, 'ChildMinder', 'childminder', true, true),
(5, 'House Keeper', 'housekeeper', true, true);

INSERT INTO types(id, role_id, title, slug)
VALUES
### For Care
(1, 3, 'Day/Hourly Care', 'day-hourly-care'),
(2, 3, 'Respite Care', 'respite-care'),
(3, 3, 'Live-in Care', 'livein-care'),
(4, 3, 'Overnight Care', 'overnight-care');

INSERT INTO skills(id, role_id, title, slug)
VALUES
### For Care
(1, 3, 'Medication Prompting', 'medication-prompting'),
(2, 3, 'Communication', 'communication'),
(3, 3, 'Empathy', 'empathy'),
(4, 3, 'Fire-Aid Training', 'fire-aid-training'),

### For ChildMinder
(5, 4, 'First Aid', 'first-aid'),
(6, 4, 'Cooking', 'cooking'),
(7, 4, 'Homework Assistance', 'homework-assistance'),
(8, 4, 'Pet', 'pet'),
(9, 4, 'Crafting', 'crafting'),
(10, 4, 'Drawing', 'drawing'),
(11, 4, 'Reading', 'reading'),
(12, 4, 'Music', 'music'),
(13, 4, 'Language Games', 'language-games'),
(14, 4, 'Others', 'others'),

### For HouseKeeper
(15, 5, 'Carpet Cleaning', 'carpet-cleaning'),
(16, 5, 'Sweeping', 'sweeping'),
(17, 5, 'Deep Cleaning', 'deep-cleaning'),
(18, 5, 'Mopping', 'mopping'),
(19, 5, 'Window Treatment Cleaning', 'window-treatment-cleaning'),
(20, 5, 'Vacuuming', 'vacuuming'),
(21, 5, 'Dusting', 'dusting'),
(22, 5, 'Bathroom and Bedroom Cleaning', 'bathroom-and-bedroom-cleaning'),
(23, 5, 'Infection Control', 'infection-control'),
(24, 5, 'Polishing', 'polishing');

INSERT INTO experiences(id, role_id, title, slug)
VALUES
### For Care
(1, 3, 'Early Stage Dementia', 'early-stage-dementia'),
(2, 3, 'Late Stage Dementia', 'late-stage-dementia'),
(3, 3, 'COPD', 'copd-all-capital-letters'),
(4, 3, 'Accident Rehabilitation', 'accident-rehabilitation'),
(5, 3, 'Stroke', 'stroke'),
(6, 3, 'Physical Disabilities Children', 'physical-disabilities-children'),
(7, 3, 'Parkinson\'s Disease', 'parkinsons-disease'),
(8, 3, 'Incontinence', 'incontinence'),
(9, 3, 'Physical Disabilities', 'physical-disabilities'),
(10, 3, 'ASD', 'asd'),
(11, 3, 'Mental Health', 'mental-health'),
(12, 3, 'Brain Injuries', 'brain-injuries'),
(13, 3, 'Spinal Injuries', 'spinal-injuries'),
(14, 3, 'Cerebral Palsy', 'cerebral-palsy'),
(15, 3, 'PEG Feeding', 'peg-feeding'),
(16, 3, 'Catheter Care', 'catheter-care'),
(17, 3, 'Occupational Therapy', 'occupational-therapy'),
(18, 3, 'Physiotherapy', 'physiotherapy'),
(19, 3, 'Palliative Care', 'palliative-care'),

### For ChildMinder
(20, 4, 'Baby', 'baby'),
(21, 4, 'Toddler', 'toddler'),
(22, 4, 'Preschooler', 'preschooler'),
(23, 4, 'Gradeschooler', 'gradeschooler'),
(24, 4, 'Teenagers', 'teenagers'),
(25, 4, 'Infant', 'infant'),

### For HouseKeeper
(26, 5, 'House Cleaning', 'house-cleaning'),
(27, 5, 'Hotel Cleaning', 'hotel-cleaning'),
(28, 5, 'End of Tenancy Cleaning', 'end-of-tenancy-leaning'),
(29, 5, 'Office Cleaning', 'office-cleaning'),
(30, 5, 'Hospital Cleaning', 'hospital-cleaning'),
(31, 5, 'Retail Cleaning', 'retail-cleaning'),
(32, 5, 'Other Cleaning', 'other-cleaning');

INSERT INTO interests(id, role_id, title, slug)
VALUES
### For ChildMinder
(1, 4, 'Dressing and Undressing', 'dressing-undressing'),
(2, 4, 'Bathroom Assistance', 'bathroom-assistance');

INSERT INTO education(id, role_id, title, slug)
VALUES
### For ChildMinder
(1, 4, 'O level/GCSEs', 'o-level'),
(2, 4, 'A level', 'a-level'),
(3, 4, 'Degree', 'degree');

INSERT INTO faqs(role_id, title, `desc`)
VALUES
(2, 'Advantages of using Jimacare platform:', ' All cares hired through this platform are insured Online payment are secured and encrypted with assessible invoice. No additional fee. You pay for care provided by our carers.<br /><br />You pay less for quality service. '),
(2, 'How can I get carer through this platform?', 'Register on our platform and start hiring experienced carers.'),
(2, 'Are carers on Jimacare platform capable of caring for me?', 'All carers on this platform have more than 10 years experience, fully insured, vetted with up to date Care Training.'),
(2, 'How do I know amount to pay for care job?', 'You can make agreement on price with carer you prefer.'),
(2, 'Is payment secured on this platform?', 'All payments made on this platform are secured and encrypted.'),
(2, 'What service can you provide?', 'We support adult care, childcare and Housekeeping.'),

(2, 'I have a mix feeling leaving my children to a childminder they don’t know', 'Our childminder have chosen to work with children because they like it and they are there to put you and your family at ease.'),
(2, 'How do you select the Childcarer?', 'All childminders are approved with at least 2 years professional childcare experience. They are vetted in different stages which include detailed application form, an interview and reference checking. We are always committed to getting knowledgeable, and experienced childcarers who choose to commit to long term childcare.'),
(2, 'Do your Childcarer’s have experience with newborn babies and infants?', 'Yes. Many of our childminders have years of experience working with infant or newborn. You will be able to search for experienced childminder for your family.'),
(2, 'Are all Childminders DBS checked?', 'They are all experienced and registered childminders and have been DBS checked as part of OFSTED registration. Nannies are not required to obtain DBS, but we follow up with their previous employers for referencing.'),
(2, 'Are all Childminder insured?', 'Yes. they are all insured and self employed.'),
(2, 'How do I pay Childminder?', 'All payment including (fee +VAT) is made through Jimacare platform.'),

(2, 'How can I contact Housekeeper?', 'Go to our website and create ads for free. or search and select experience housekeeper on the website and contact them.'),
(2, 'What cleaning products do I need to provide for my Housekeeper?', '<p>Client needs to provide a mop and bucket, vacuum cleaner, and toilet brush ( including iron & board if needed)</p><h3>Please ensure you have the following if you are supplying your product</h3><ul><li>A disinfectant spray (kills 99.9% bacteria/viruses)</li><li>Limescale remover</li><li>Microfiber cloths (washed inbetween visits)</li><li>Rubber gloves</li><li>Sponges</li><li>Toilet cleaner</li><li>Bin bags</li><li>Duster</li><li>Floor cleaner</li></ul>'),
(2, 'Can my Housekeeper iron clothes?', 'They can do based on the arrangement you make with them.'),


(3, 'What do we do?', 'Jima Care advertise your profile to clients and there is no sign-up fee. JimaCare allows you to apply for jobs on the platform which are updated daily. JimaCare organises your carer insurance as long as you transact on the site JimaCare guarantees your payment from your clients to you (as long as a service agreement is made before work.'),
(3, 'How do I become a care on the platform?', '<p>You need to register, upload the required document. JimaCare staff will contact you to arrange for an interview.</p><br /><h3>Tips for writing your personal statement</h3><p>Successful personal Statement answer the following question</p><ol> <li>Who are you?</li> <li>What you can offer</li> <li>What are your goals as a carer?</li></ol>'),
(3, 'Who will pay my traveling expenses?', 'You are responsible for negotiating your terms with client as a self-employed carer. Your travelling expenses can be added to your hourly or weekly rate or make agreement with client to pay separately. <br />You can Offset expenses for travelling when you are doing your tax return.'),
(3, 'Covermyshift Team', 'Covermyshift Team is a team of carer under Jimcare that want shift to be covered for them by other carers'),
(3, 'Who are Jimacare Clients?', 'Anyone that need domiciliary Care services, or NHS Trust/ Care Homes that wants to hire Carers.'),

(5, 'How do I become a Housekeeper?', 'Register on our website and we will arrange interview for you.');

INSERT INTO users (id, role_id, profile, firstname, lastname, email, phone, dob, gender, country, city, address, lat, `long`, postcode, years_experience, fee, service_charges, referee1_name, referee1_email, referee1_phone, referee1_country_id, referee1_child_age, referee1_how_long, referee1_how_contact, referee2_name, referee2_email, referee2_phone, referee2_country_id, referee2_child_age, referee2_how_long, referee2_how_contact, dbs, dbs_type, dbs_issue, dbs_cert, info, other, status, password, email_verified_at, phone_verified_at, last_login, remember_token, created_at, updated_at)
VALUES
(1, 1, null, 'admin', 'admin', 'admin@mail.com', '123456789', null, null, 'Pakistan', 'Jhelum', 'Punjab Food Authority Jhelum, Tahlianwala Road, Bilal Town, Jhelum, Pakistan', 32.9558866, 73.74693150000002, 69620, null, null, null, null, null, null, null, null, null, null, null, null, null, null, null, null, null, null, null, null, null, null, null, 'pending', '$2y$10$uUNpGzUH8OfvmHVGNX9T9.x9/ywjjPLSXlzzfv5vedWHSow6WG5oe', null, null, '2021-02-22 20:33:27', null, '2021-02-22 20:33:27', '2021-02-22 20:33:27'),
(2, 2, null, 'client', 'client', 'client@mail.com', '234567890', '1990-01-01', 'male','Pakistan', 'Jhelum', 'Shandar Chowk, Machina Mohalla Road, Naya Mohalla Jhelum, Jhelum, Pakistan', 32.9288137, 73.7312341, 49600, null, null, null, null, null, null, null, null, null, null, null, null, null, null, null, null, null, null, null, null, null, null, null, 'active', '$2y$10$uUNpGzUH8OfvmHVGNX9T9.x9/ywjjPLSXlzzfv5vedWHSow6WG5oe', null, null, '2021-02-22 20:33:27', null, '2021-02-22 20:33:27', '2021-02-22 15:35:27'),
(3, 3, null, 'carer', 'carer', 'carer@mail.com', '345678901', '1990-12-12', 'male','Pakistan', 'Jhelum', 'Punjab Food Authority Jhelum, Tahlianwala Road, Bilal Town, Jhelum, Pakistan', 32.9558866, 73.74693150000002, 69620, 10, null, null, null, null, null, null, null, null, null, null, null, null, null, null, null, null, 1, 'standard', '2020-10-08', '123456789', 'Describe your care experience', 'Tell us what makes you a Great Carer', 'active', '$2y$10$uUNpGzUH8OfvmHVGNX9T9.x9/ywjjPLSXlzzfv5vedWHSow6WG5oe', null, null, '2021-02-22 20:33:27', null, '2021-02-22 20:33:27', '2021-02-22 15:37:33'),
(4, 4, null, 'childminder', 'childminder', 'childminder@mail.com', '456789012', '1993-02-02', 'male', 'Pakistan', 'Jhelum', 'Shandar Chowk, Machina Mohalla Road, Naya Mohalla Jhelum, Jhelum, Pakistan', 32.9288137, 73.7312341, 49600, 5, 10, 2, 'Refree Name', 'referee@mail.com', '123456789', 11, '5 Years', '2 Years', 'Social Media', 'Refree Name2', 'referee@mail.com', '234567890', 16, '3', '2.5 Years', 'NewsPaper', 1, 'standard', '2021-02-18', '4587923058', 'Brief outline of professional childcare experience for at least the past 2 years', 'Other information to support application', 'active', '$2y$10$uUNpGzUH8OfvmHVGNX9T9.x9/ywjjPLSXlzzfv5vedWHSow6WG5oe', null, null, '2021-02-22 20:33:27', null, '2021-02-22 20:33:27', '2021-02-22 15:42:24'),
(5, 5, null, 'housekeeper', 'housekeeper', 'housekeeper@mail.com', '567890123', '1993-02-02', 'male', 'Pakistan', 'Jhelum', 'Punjab Food Authority Jhelum, Tahlianwala Road, Bilal Town, Jhelum, Pakistan', 32.9558866, 73.74693150000002, 69620, 5, null, null, 'Refree Name', 'referee@mail.com', '678987', 9, null, '3 Years', 'News Paper', 'Refree Name', 'referee@mail.com', '678987', 19, null, '3 Years', 'Phone', 1, 'standard', '2021-02-24', '6789876', 'Describe your cleaning experience', 'Why would you like to be Housekeeper?', 'active', '$2y$10$uUNpGzUH8OfvmHVGNX9T9.x9/ywjjPLSXlzzfv5vedWHSow6WG5oe', null, null, '2021-02-22 20:33:27', null, '2021-02-22 20:33:27', '2021-02-22 15:48:45');

INSERT INTO day_user (user_id, day_id)
VALUES
(3, 1),
(3, 2),
(3, 3),
(3, 4);

INSERT INTO education_user (user_id, education_id)
VALUES
(4, 2),
(4, 3),
(3, 1),
(3, 7),
(3, 19),
(4, 20),
(4, 22),
(4, 23),
(5, 26),
(5, 28),
(5, 29);

INSERT INTO interest_user (user_id, interest_id)
VALUES
(4, 1),
(2, 1),
(2, 4),
(3, 1),
(3, 2),
(4, 1),
(5, 4),
(5, 5);

INSERT INTO skill_user (user_id, skill_id)
VALUES
(3, 1),
(3, 3),
(4, 7),
(4, 11),
(4, 13),
(5, 16),
(5, 19);

INSERT INTO language_user (user_id, language_id)
VALUES
(2, 1),
(2, 2),
(3, 1),
(3, 2),
(4, 1),
(4, 2),
(4, 3),
(5, 2),
(5, 3);

INSERT INTO availabilities (user_id, type_id, available, charges)
VALUES
(3, 1, 1, 20),
(3, 3, 1, 15);

INSERT INTO contracts (id, user_id, role_id, title, slug, start_type, start_date, end_type, end_date, start_time, end_time, `desc`, drive, how_often, beds, baths, rooms, cleaning_type, status, deleted_at, created_at, updated_at)
VALUES
(1, 5, 3, 'Need a carer', null, 'specific-date', '2021-02-18', 'fixed-period', '2021-02-26', '00:12:00', '14:33:00', 'I need a carer person', 0, null, null, null, null, null, 'active', null, '2021-02-22 15:58:12', '2021-02-22 15:58:12'),
(2, 5, 4, 'I need a childminder', null, 'specific-date', '2021-02-26', 'fixed-period', '2021-02-27', '08:00:00', '17:00:00', 'I need a childminder person', null, null, null, null, null, null, 'active', null, '2021-02-22 16:00:39', '2021-02-22 16:00:39'),
(3, 5, 5, 'I need a house keeper', null, 'specific-date', '2021-02-26', 'fixed-period', '2021-02-26', '08:00:00', '12:00:00', 'I need housekeeper', null, 'Twice a week', '2 bedrooms', '1 bathroom + 1 additional toilet', '2', 'Deep cleaning', 'active', null, '2021-02-22 16:02:00', '2021-02-22 16:02:00');

INSERT INTO contract_type (contract_id, type_id)
VALUES
(1, 1),
(1, 3);

INSERT INTO contract_day (contract_id, day_id)
VALUES
(1, 2),
(1, 3),
(1, 4),
(3, 1),
(3, 2),
(3, 4);

INSERT INTO contract_experience (contract_id, experience_id)
VALUES
(1, 2),
(1, 4),
(1, 5),
(1, 6),
(2, 21),
(2, 22),
(2, 23),
(3, 27),
(3, 28);

INSERT INTO contract_language (contract_id, language_id)
VALUES
(1, 1),
(1, 4),
(2, 1),
(2, 2),
(2, 3),
(3, 2);

INSERT INTO contract_interest (contract_id, interest_id)
VALUES
(2, 1),
(2, 2),
(1, 1),
(1, 4),
(2, 1),
(2, 3),
(3, 2);

INSERT INTO time_availables (typeable_type, typeable_id, type_id, day_id)
VALUES
('User', 4, 1, 2),
('User', 4, 3, 4),
('User', 4, 5, 3),
('User', 4, 5, 5),
('User', 4, 6, 6),
('Contract', 2, 1, 1),
('Contract', 2, 2, 2),
('Contract', 2, 3, 3),
('Contract', 2, 4, 4),
('Contract', 2, 5, 5),
('Contract', 2, 6, 6);

INSERT INTO posts(id, user_id, role_id, image, banner, slug, title, `desc`)
VALUES
(1, 1, 3,'img/blog-post.png', 'img/blog-post.png', 'aorem-ipsum-dolor-sit-amet-consectetur-adipiscing-elit', 'Aorem ipsum dolor sit amet, consectetur adipiscing elit.', 'Donec congue nibh ante, ac efficitur neque accumsan id. In hac habitasse platea dictumst. Proin nec est ut urna finibus lacinia. Nunc sed neque eget lectus faucibus venenatis. In ac leo vel tortor viverra tempor. Aenean porttitor dignissim mauris at iaculis. Duis iaculis viverra sodales. Praesent lacus purus, varius consequat interdum eu, dapibus non turpis. Aliquam tristique fringilla justo ac consequat. Donec suscipit tempor condimentum. Aenean venenatis vel turpis in vulputate. Aenean tempor sed lorem sit amet sollicitudin. Nulla tempor imperdiet aliquet. Ut eget urna pellentesque, vulputate dolor non, bibendum nisl. Etiam dolor felis, vestibulum eu vulputate blandit, laoreet ac orci. Donec feugiat hendrerit risus vitae tincidunt.'),
(2, 1, 3,'img/blog-post.png', 'img/blog-post.png', 'bliquam-erat-volutpat-quisque-vel-enim-dictum-commodo', 'Bliquam erat volutpat. Quisque vel enim dictum, commodo.', 'Proin ornare scelerisque arcu, nec laoreet eros scelerisque quis. Mauris id nibh placerat, egestas diam gravida, commodo purus. Nunc eleifend ante nunc, at tempor tortor hendrerit pretium. Donec elementum magna at nisi fringilla, eu consectetur neque rutrum. Nunc eget urna posuere, tempor ante et, laoreet justo. Integer purus arcu, posuere eu consequat vel, vulputate id dui. Nulla facilisi. Sed odio leo, convallis sit amet consequat quis, posuere in ligula. Fusce semper, ex eget pellentesque interdum, velit purus hendrerit velit, vehicula dignissim nisl elit quis nunc. Donec ipsum dolor, finibus id eros et, fermentum lobortis erat. Aenean sed ipsum id lacus consequat fermentum. Etiam interdum dolor sed vehicula pellentesque. Mauris laoreet leo imperdiet, vehicula elit sit amet.'),
(3, 1, 3,'img/blog-post.png', 'img/blog-post.png', 'Croin pellentesque leo sit amet urna tincidunt rhoncus.', 'Croin pellentesque leo sit amet urna tincidunt rhoncus.', 'Mauris gravida eros non fringilla fermentum. Mauris et elit ullamcorper, euismod leo at, rutrum nisi. Praesent at odio a nibh blandit fringilla ac lobortis lacus. Vestibulum varius turpis neque, ac ullamcorper metus vehicula ut. Integer fermentum ultricies blandit. Sed ac blandit felis, non sollicitudin velit. Fusce ultricies vestibulum felis, id egestas lectus interdum id. Integer iaculis enim nec congue pretium. Curabitur hendrerit arcu quis odio molestie, vel convallis enim tristique. Curabitur sem leo, sagittis at urna sed, lobortis tristique dolor.'),
(4, 1, 3,'img/blog-post.png', 'img/blog-post.png', 'Daculis ante. In fringilla tincidunt quam vel accumsan.', 'Daculis ante. In fringilla tincidunt quam vel accumsan.', 'Mauris et elit ullamcorper, euismod leo at, rutrum nisi. Praesent at odio a nibh blandit fringilla ac lobortis lacus. Vestibulum varius turpis neque, ac ullamcorper metus vehicula ut. Integer fermentum ultricies blandit. Sed ac blandit felis, non sollicitudin velit. Fusce ultricies vestibulum felis, id egestas lectus interdum id. Integer iaculis enim nec congue pretium. Curabitur hendrerit arcu quis odio molestie, vel convallis enim tristique. Curabitur sem leo, sagittis at urna sed, lobortis tristique dolor.'),
(5, 1, 4,'img/blog-post.png', 'img/blog-post.png', 'Eorem ipsum dolor sit amet, consectetur adipiscing elit.', 'Eorem ipsum dolor sit amet, consectetur adipiscing elit.', 'Donec congue nibh ante, ac efficitur neque accumsan id. In hac habitasse platea dictumst. Proin nec est ut urna finibus lacinia. Nunc sed neque eget lectus faucibus venenatis. In ac leo vel tortor viverra tempor. Aenean porttitor dignissim mauris at iaculis. Duis iaculis viverra sodales. Praesent lacus purus, varius consequat interdum eu, dapibus non turpis. Aliquam tristique fringilla justo ac consequat. Donec suscipit tempor condimentum. Aenean venenatis vel turpis in vulputate. Aenean tempor sed lorem sit amet sollicitudin. Nulla tempor imperdiet aliquet. Ut eget urna pellentesque, vulputate dolor non, bibendum nisl. Etiam dolor felis, vestibulum eu vulputate blandit, laoreet ac orci. Donec feugiat hendrerit risus vitae tincidunt.'),
(6, 1, 4,'img/blog-post.png', 'img/blog-post.png', 'Fliquam erat volutpat. Quisque vel enim dictum, commodo.', 'Fliquam erat volutpat. Quisque vel enim dictum, commodo.', 'Proin ornare scelerisque arcu, nec laoreet eros scelerisque quis. Mauris id nibh placerat, egestas diam gravida, commodo purus. Nunc eleifend ante nunc, at tempor tortor hendrerit pretium. Donec elementum magna at nisi fringilla, eu consectetur neque rutrum. Nunc eget urna posuere, tempor ante et, laoreet justo. Integer purus arcu, posuere eu consequat vel, vulputate id dui. Nulla facilisi. Sed odio leo, convallis sit amet consequat quis, posuere in ligula. Fusce semper, ex eget pellentesque interdum, velit purus hendrerit velit, vehicula dignissim nisl elit quis nunc. Donec ipsum dolor, finibus id eros et, fermentum lobortis erat. Aenean sed ipsum id lacus consequat fermentum. Etiam interdum dolor sed vehicula pellentesque. Mauris laoreet leo imperdiet, vehicula elit sit amet.'),
(7, 1, 4,'img/blog-post.png', 'img/blog-post.png', 'Groin pellentesque leo sit amet urna tincidunt rhoncus.', 'Groin pellentesque leo sit amet urna tincidunt rhoncus.', 'Mauris gravida eros non fringilla fermentum. Mauris et elit ullamcorper, euismod leo at, rutrum nisi. Praesent at odio a nibh blandit fringilla ac lobortis lacus. Vestibulum varius turpis neque, ac ullamcorper metus vehicula ut. Integer fermentum ultricies blandit. Sed ac blandit felis, non sollicitudin velit. Fusce ultricies vestibulum felis, id egestas lectus interdum id. Integer iaculis enim nec congue pretium. Curabitur hendrerit arcu quis odio molestie, vel convallis enim tristique. Curabitur sem leo, sagittis at urna sed, lobortis tristique dolor.'),
(8, 1, 4,'img/blog-post.png', 'img/blog-post.png', 'Haculis ante. In fringilla tincidunt quam vel accumsan.', 'Haculis ante. In fringilla tincidunt quam vel accumsan.', 'Mauris et elit ullamcorper, euismod leo at, rutrum nisi. Praesent at odio a nibh blandit fringilla ac lobortis lacus. Vestibulum varius turpis neque, ac ullamcorper metus vehicula ut. Integer fermentum ultricies blandit. Sed ac blandit felis, non sollicitudin velit. Fusce ultricies vestibulum felis, id egestas lectus interdum id. Integer iaculis enim nec congue pretium. Curabitur hendrerit arcu quis odio molestie, vel convallis enim tristique. Curabitur sem leo, sagittis at urna sed, lobortis tristique dolor.'),
(9, 1, 5,'img/blog-post.png', 'img/blog-post.png', 'Iorem ipsum dolor sit amet, consectetur adipiscing elit.', 'Iorem ipsum dolor sit amet, consectetur adipiscing elit.', 'Donec congue nibh ante, ac efficitur neque accumsan id. In hac habitasse platea dictumst. Proin nec est ut urna finibus lacinia. Nunc sed neque eget lectus faucibus venenatis. In ac leo vel tortor viverra tempor. Aenean porttitor dignissim mauris at iaculis. Duis iaculis viverra sodales. Praesent lacus purus, varius consequat interdum eu, dapibus non turpis. Aliquam tristique fringilla justo ac consequat. Donec suscipit tempor condimentum. Aenean venenatis vel turpis in vulputate. Aenean tempor sed lorem sit amet sollicitudin. Nulla tempor imperdiet aliquet. Ut eget urna pellentesque, vulputate dolor non, bibendum nisl. Etiam dolor felis, vestibulum eu vulputate blandit, laoreet ac orci. Donec feugiat hendrerit risus vitae tincidunt.'),
(10,1, 5,'img/blog-post.png', 'img/blog-post.png', 'Jliquam erat volutpat. Quisque vel enim dictum, commodo.', 'Jliquam erat volutpat. Quisque vel enim dictum, commodo.', 'Proin ornare scelerisque arcu, nec laoreet eros scelerisque quis. Mauris id nibh placerat, egestas diam gravida, commodo purus. Nunc eleifend ante nunc, at tempor tortor hendrerit pretium. Donec elementum magna at nisi fringilla, eu consectetur neque rutrum. Nunc eget urna posuere, tempor ante et, laoreet justo. Integer purus arcu, posuere eu consequat vel, vulputate id dui. Nulla facilisi. Sed odio leo, convallis sit amet consequat quis, posuere in ligula. Fusce semper, ex eget pellentesque interdum, velit purus hendrerit velit, vehicula dignissim nisl elit quis nunc. Donec ipsum dolor, finibus id eros et, fermentum lobortis erat. Aenean sed ipsum id lacus consequat fermentum. Etiam interdum dolor sed vehicula pellentesque. Mauris laoreet leo imperdiet, vehicula elit sit amet.'),
(11,1, 5,'img/blog-post.png', 'img/blog-post.png', 'Kroin pellentesque leo sit amet urna tincidunt rhoncus.', 'Kroin pellentesque leo sit amet urna tincidunt rhoncus.', 'Mauris gravida eros non fringilla fermentum. Mauris et elit ullamcorper, euismod leo at, rutrum nisi. Praesent at odio a nibh blandit fringilla ac lobortis lacus. Vestibulum varius turpis neque, ac ullamcorper metus vehicula ut. Integer fermentum ultricies blandit. Sed ac blandit felis, non sollicitudin velit. Fusce ultricies vestibulum felis, id egestas lectus interdum id. Integer iaculis enim nec congue pretium. Curabitur hendrerit arcu quis odio molestie, vel convallis enim tristique. Curabitur sem leo, sagittis at urna sed, lobortis tristique dolor.'),
(12,1, 5,'img/blog-post.png', 'img/blog-post.png', 'Laculis ante. In fringilla tincidunt quam vel accumsan.', 'Laculis ante. In fringilla tincidunt quam vel accumsan.', 'Mauris et elit ullamcorper, euismod leo at, rutrum nisi. Praesent at odio a nibh blandit fringilla ac lobortis lacus. Vestibulum varius turpis neque, ac ullamcorper metus vehicula ut. Integer fermentum ultricies blandit. Sed ac blandit felis, non sollicitudin velit. Fusce ultricies vestibulum felis, id egestas lectus interdum id. Integer iaculis enim nec congue pretium. Curabitur hendrerit arcu quis odio molestie, vel convallis enim tristique. Curabitur sem leo, sagittis at urna sed, lobortis tristique dolor.');

/*INSERT INTO reviews(user_id, client_id, stars, title, `desc`, created_at, updated_at)
VALUES
(3, 2, 4.5, 'There are so many qualities about yulia that there is enough space to write them all. My little boy has only been with her for a short time but in this short time his development has changed so much, she notices when a child is struggling with areas of development which helps me to help him.', CURRENT_TIMESTAMP, CURRENT_TIMESTAMP),
(3, 4, 4.5, 'There are so many qualities about yulia that there is enough space to write them all. My little boy has only been with her for a short time but in this short time his development has changed so much, she notices when a child is struggling with areas of development which helps me to help him.', CURRENT_TIMESTAMP, CURRENT_TIMESTAMP),
(3, 5, 4.5, 'There are so many qualities about yulia that there is enough space to write them all. My little boy has only been with her for a short time but in this short time his development has changed so much, she notices when a child is struggling with areas of development which helps me to help him.', CURRENT_TIMESTAMP, CURRENT_TIMESTAMP),
(4, 2, 4.5, 'There are so many qualities about yulia that there is enough space to write them all. My little boy has only been with her for a short time but in this short time his development has changed so much, she notices when a child is struggling with areas of development which helps me to help him.', CURRENT_TIMESTAMP, CURRENT_TIMESTAMP),
(4, 3, 4.5, 'There are so many qualities about yulia that there is enough space to write them all. My little boy has only been with her for a short time but in this short time his development has changed so much, she notices when a child is struggling with areas of development which helps me to help him.', CURRENT_TIMESTAMP, CURRENT_TIMESTAMP),
(4, 5, 4.5, 'There are so many qualities about yulia that there is enough space to write them all. My little boy has only been with her for a short time but in this short time his development has changed so much, she notices when a child is struggling with areas of development which helps me to help him.', CURRENT_TIMESTAMP, CURRENT_TIMESTAMP),
(5, 2, 4.5, 'There are so many qualities about yulia that there is enough space to write them all. My little boy has only been with her for a short time but in this short time his development has changed so much, she notices when a child is struggling with areas of development which helps me to help him.', CURRENT_TIMESTAMP, CURRENT_TIMESTAMP),
(5, 3, 4.5, 'There are so many qualities about yulia that there is enough space to write them all. My little boy has only been with her for a short time but in this short time his development has changed so much, she notices when a child is struggling with areas of development which helps me to help him.', CURRENT_TIMESTAMP, CURRENT_TIMESTAMP),
(5, 4, 4.5, 'There are so many qualities about yulia that there is enough space to write them all. My little boy has only been with her for a short time but in this short time his development has changed so much, she notices when a child is struggling with areas of development which helps me to help him.', CURRENT_TIMESTAMP, CURRENT_TIMESTAMP);*/


INSERT INTO inboxes(id, seller_id, client_id, created_at, updated_at)
VALUES
(1, 1, 2, CURRENT_TIMESTAMP, CURRENT_TIMESTAMP),
(2, 1, 3, CURRENT_TIMESTAMP, CURRENT_TIMESTAMP),
(3, 1, 4, CURRENT_TIMESTAMP, CURRENT_TIMESTAMP),
(4, 1, 5, CURRENT_TIMESTAMP, CURRENT_TIMESTAMP),
(5, 2, 3, CURRENT_TIMESTAMP, CURRENT_TIMESTAMP),
(6, 2, 4, CURRENT_TIMESTAMP, CURRENT_TIMESTAMP),
(7, 2, 5, CURRENT_TIMESTAMP, CURRENT_TIMESTAMP),
(8, 3, 4, CURRENT_TIMESTAMP, CURRENT_TIMESTAMP),
(9, 3, 5, CURRENT_TIMESTAMP, CURRENT_TIMESTAMP),
(10, 4, 5, CURRENT_TIMESTAMP, CURRENT_TIMESTAMP);

INSERT INTO messages(inbox_id, from_id, message, created_at, updated_at)
VALUES
(1,1, 'Auisque consequat arcu eget odio cursus, ut tempor arcu vestibulum.', CURRENT_TIMESTAMP, CURRENT_TIMESTAMP),
(1,2, 'Buisque consequat arcu eget odio cursus, ut tempor arcu vestibulum.', CURRENT_TIMESTAMP, CURRENT_TIMESTAMP),
(1,2, 'Cuisque consequat arcu eget odio cursus, ut tempor arcu vestibulum.', CURRENT_TIMESTAMP, CURRENT_TIMESTAMP),
(1,1, 'Duisque consequat arcu eget odio cursus, ut tempor arcu vestibulum.', CURRENT_TIMESTAMP, CURRENT_TIMESTAMP),
(1,2, 'Euisque consequat arcu eget odio cursus, ut tempor arcu vestibulum.', CURRENT_TIMESTAMP, CURRENT_TIMESTAMP),
(1,2, 'Fuisque consequat arcu eget odio cursus, ut tempor arcu vestibulum.', CURRENT_TIMESTAMP, CURRENT_TIMESTAMP),

(2,1, 'Guisque consequat arcu eget odio cursus, ut tempor arcu vestibulum.', CURRENT_TIMESTAMP, CURRENT_TIMESTAMP),
(2,3, 'Huisque consequat arcu eget odio cursus, ut tempor arcu vestibulum.', CURRENT_TIMESTAMP, CURRENT_TIMESTAMP),
(2,3, 'Iuisque consequat arcu eget odio cursus, ut tempor arcu vestibulum.', CURRENT_TIMESTAMP, CURRENT_TIMESTAMP),
(2,3, 'Juisque consequat arcu eget odio cursus, ut tempor arcu vestibulum.', CURRENT_TIMESTAMP, CURRENT_TIMESTAMP),
(2,1, 'Kuisque consequat arcu eget odio cursus, ut tempor arcu vestibulum.', CURRENT_TIMESTAMP, CURRENT_TIMESTAMP),
(2,1, 'Luisque consequat arcu eget odio cursus, ut tempor arcu vestibulum.', CURRENT_TIMESTAMP, CURRENT_TIMESTAMP),
(2,1, 'Muisque consequat arcu eget odio cursus, ut tempor arcu vestibulum.', CURRENT_TIMESTAMP, CURRENT_TIMESTAMP),
(2,1, 'Nuisque consequat arcu eget odio cursus, ut tempor arcu vestibulum.', CURRENT_TIMESTAMP, CURRENT_TIMESTAMP),

(3,1, 'Guisque consequat arcu eget odio cursus, ut tempor arcu vestibulum.', CURRENT_TIMESTAMP, CURRENT_TIMESTAMP),
(3,4, 'Huisque consequat arcu eget odio cursus, ut tempor arcu vestibulum.', CURRENT_TIMESTAMP, CURRENT_TIMESTAMP),
(3,1, 'Iuisque consequat arcu eget odio cursus, ut tempor arcu vestibulum.', CURRENT_TIMESTAMP, CURRENT_TIMESTAMP),
(3,4, 'Juisque consequat arcu eget odio cursus, ut tempor arcu vestibulum.', CURRENT_TIMESTAMP, CURRENT_TIMESTAMP),
(3,1, 'Kuisque consequat arcu eget odio cursus, ut tempor arcu vestibulum.', CURRENT_TIMESTAMP, CURRENT_TIMESTAMP),
(3,4, 'Luisque consequat arcu eget odio cursus, ut tempor arcu vestibulum.', CURRENT_TIMESTAMP, CURRENT_TIMESTAMP),
(3,1, 'Muisque consequat arcu eget odio cursus, ut tempor arcu vestibulum.', CURRENT_TIMESTAMP, CURRENT_TIMESTAMP),
(3,1, 'Nuisque consequat arcu eget odio cursus, ut tempor arcu vestibulum.', CURRENT_TIMESTAMP, CURRENT_TIMESTAMP);
